Customer Name,Recency,Inverse_Recency,Frequency,Monetary,Recency_Scale,Frequency_Scale,Monetary_Scale,Cluster
Aaron Bergman,17,1445,37,24644.65,0.29155413535798635,0.8499209716456951,1.6783216546326658,1
Aaron Hawkins,13,1449,34,20759.52,0.4707979740566272,0.29222634899168454,0.93005945560592,1
Aaron Smayling,24,1438,31,14212.62,-0.0221225823646351,-0.265468273662326,-0.330850164100036,2
Adam Bellavance,36,1426,41,20186.79,-0.5598540984605577,1.5935138018510424,0.8197536976908469,1
Adam Hart,3,1459,42,21718.24,0.9189075708032294,1.7794120094023793,1.1147055126106848,1
Adam Shillingsburg,16,1446,36,15444.66,0.3363650950326466,0.6640227640943582,-0.09356364867097416,1
Adrian Barton,28,1434,40,25123.15,-0.20136642106327596,1.4076155942997057,1.7704790501983991,1
Adrian Hane,22,1440,26,11405.94,0.06749933698468531,-1.1949593114190102,-0.8714067346045974,2
Adrian Shami,42,1420,24,11286.06,-0.8287198565085189,-1.566755726521684,-0.8944951955877117,2
Aimee Bixby,36,1426,28,16201.19,-0.5598540984605577,-0.8231628963163365,0.05214133454186668,2
Alan Barnes,14,1448,35,13049.05,0.425987014381967,0.4781245565430214,-0.554949601421709,2
Alan Dominguez,6,1456,30,18539.75,0.7844746917792487,-0.45136648121366285,0.50253966050676,2
Alan Haines,50,1412,34,15279.72,-1.1872075339058006,0.29222634899168454,-0.12533050514874242,3
Alan Hwang,7,1455,38,23642.88,0.7396637321045885,1.035819179197032,1.4853843209735544,1
Alan Schoenberger,3,1459,35,21836.41,0.9189075708032294,0.4781245565430214,1.1374646336848804,1
Alan Shonely,13,1449,36,10693.18,0.4707979740566272,0.6640227640943582,-1.0086817717277576,2
Alejandro Ballentine,6,1456,39,15466.22,0.7844746917792487,1.2217173867483688,-0.08941126946847225,1
Alejandro Grove,14,1448,33,13417.21,0.425987014381967,0.10632814144034769,-0.48404329682091407,2
Alejandro Savely,19,1443,43,21118.32,0.20193221600866595,1.9653102169537162,0.9991630575473726,1
Aleksandra Gannaway,3,1459,30,14717.2,0.9189075708032294,-0.45136648121366285,-0.2336698534322037,2
Alex Avila,3,1459,26,15990.67,0.9189075708032294,-1.1949593114190102,0.01159593242170318,2
Alex Grayson,3,1459,36,15067.06,0.9189075708032294,0.6640227640943582,-0.1662880636461486,1
Alex Russell,30,1432,35,16466.84,-0.29098834041259636,0.4781245565430214,0.10330457828698067,1
Alice McCarthy,16,1446,39,18766.15,0.3363650950326466,1.2217173867483688,0.5461434940617906,1
Allen Armold,7,1455,31,6538.67,0.7396637321045885,-0.265468273662326,-1.8088255992132227,2
Allen Goldenen,113,1349,23,8926.11,-4.010297993409394,-1.7526539340730207,-1.3490131593606531,3
Allen Rosenblatt,55,1407,28,9527.91,-1.4112623322791016,-0.8231628963163365,-1.2331086229939692,3
Alyssa Crouse,7,1455,33,12297.37,0.7396637321045885,0.10632814144034769,-0.6997204919104245,2
Alyssa Tate,13,1449,36,14942.3,0.4707979740566272,0.6640227640943582,-0.1903163952465267,1
Amy Cox,6,1456,26,17153.0,0.7844746917792487,-1.1949593114190102,0.23545655016030065,2
Amy Hunt,71,1391,24,9198.67,-2.128237687073665,-1.566755726521684,-1.2965190742292085,3
Andrew Allen,126,1336,25,19759.09,-4.5928404691799765,-1.3808575189703471,0.7373802011736803,3
Andrew Gjertsen,49,1413,40,16384.31,-1.1423965742311404,1.4076155942997057,0.08740959426181898,1
Andrew Roberts,15,1447,39,16916.54,0.3811760547073068,1.2217173867483688,0.18991519643935345,1
Andy Gerbode,13,1449,27,11339.65,0.4707979740566272,-1.0090611038676733,-0.8841739524772255,2
Andy Reiter,7,1455,23,8545.54,0.7396637321045885,-1.7526539340730207,-1.4223095857565802,2
Andy Yotov,15,1447,27,8543.04,0.3811760547073068,-1.0090611038676733,-1.42279107685149,2
Anemone Ratner,3,1459,27,11489.93,0.9189075708032294,-1.0090611038676733,-0.8552305597800082,2
Angele Hood,22,1440,31,11358.11,0.06749933698468531,-0.265468273662326,-0.8806186222324114,2
Ann Blume,8,1454,27,18727.2,0.6948527724299283,-1.0090611038676733,0.538641862803096,2
Ann Chong,7,1455,36,15028.17,0.7396637321045885,0.6640227640943582,-0.17377813911856513,1
Ann Steele,34,1428,30,11815.95,-0.4702321791112372,-0.45136648121366285,-0.7924402690750125,2
Anna Andreadi,29,1433,47,17312.21,-0.24617738073793616,2.7089030471590636,0.26611982904853543,1
Anna Chung,3,1459,25,8931.69,0.9189075708032294,-1.3808575189703471,-1.3479384712368143,2
Anna Gayman,48,1414,31,15391.95,-1.0975856145564802,-0.265468273662326,-0.10371540691605197,3
Anna Häberlin,31,1431,36,18094.06,-0.33579930008725656,0.6640227640943582,0.41670135407062286,1
Anne McFarland,26,1436,36,25522.31,-0.11174450171395553,0.6640227640943582,1.8473558443760756,1
Anne Pryor,38,1424,26,16361.76,-0.6494760178098781,-1.1949593114190102,0.08306654458573248,2
Annie Thurman,3,1459,34,13387.76,0.9189075708032294,0.29222634899168454,-0.48971526191895115,2
Annie Zypern,27,1435,28,11871.1,-0.15655546138861573,-0.8231628963163365,-0.7818185755213026,2
Anthony Garverick,29,1433,35,11684.31,-0.24617738073793616,0.4781245565430214,-0.8177936641685826,2
Anthony Jacobs,2,1460,37,17757.04,0.9637185304778896,0.8499209716456951,0.35179250254802413,1
Anthony Johnson,37,1425,32,12282.66,-0.6046650581352179,-0.07957006611098916,-0.7025535855128738,2
Anthony O'Donnell,8,1454,32,15022.82,0.6948527724299283,-0.07957006611098916,-0.17480853006167216,2
Anthony Rawles,23,1439,45,17339.94,0.02268837731002511,2.33710663205639,0.2714605282732747,1
Anthony Witt,17,1445,32,15147.24,0.29155413535798635,-0.07957006611098916,-0.1508456812502018,2
Arianne Irving,14,1448,26,9278.57,0.425987014381967,-1.1949593114190102,-1.2811306188358917,2
Art Ferguson,6,1456,45,28187.32,0.7844746917792487,2.33710663205639,2.360627277514289,1
Art Foster,54,1408,37,20066.17,-1.3664513726044414,0.8499209716456951,0.7965227153436389,1
Arthur Gainer,24,1438,33,19873.61,-0.0221225823646351,0.10632814144034769,0.7594363452493079,1
Arthur Prichep,77,1385,37,18545.95,-2.397103445121626,0.8499209716456951,0.5037337584221364,3
Arthur Wiediger,36,1426,28,11013.0,-0.5598540984605577,-0.8231628963163365,-0.9470855789381383,2
Ashley Jarboe,29,1433,36,15947.94,-0.24617738073793616,0.6640227640943582,0.0033662866275051715,1
Astrea Jones,49,1413,27,13262.75,-1.1423965742311404,-1.0090611038676733,-0.5137917426288202,3
Barbara Fisher,23,1439,30,9835.0,0.02268837731002511,-0.45136648121366285,-1.1739641828596303,2
Barry Blumstein,15,1447,37,9886.82,0.3811760547073068,0.8499209716456951,-1.1639838354443404,2
Barry Franz,9,1453,27,24079.87,0.6500418127552681,-1.0090611038676733,1.5695470383994052,1
Barry Französisch,16,1446,31,13208.27,0.3363650950326466,-0.265468273662326,-0.5242843965690942,2
Barry Gonzalez,29,1433,34,20023.58,-0.24617738073793616,0.29222634899168454,0.7883200330507565,1
Barry Pond,6,1456,30,10385.33,0.7844746917792487,-0.45136648121366285,-1.0679725851549489,2
Barry Weirich,23,1439,23,17436.56,0.02268837731002511,-1.7526539340730207,0.29006919610934867,2
Bart Folk,26,1436,27,13942.73,-0.11174450171395553,-1.0090611038676733,-0.3828300167421173,2
Bart Pistole,3,1459,38,10087.55,0.9189075708032294,1.035819179197032,-1.1253239524518437,2
Bart Watters,55,1407,45,32310.44,-1.4112623322791016,2.33710663205639,3.154725502812066,1
Becky Castell,30,1432,34,15185.46,-0.29098834041259636,0.29222634899168454,-0.1434846453912211,2
Becky Martin,9,1453,35,27170.01,0.6500418127552681,0.4781245565430214,2.164696995209218,1
Becky Pak,33,1429,30,14806.9,-0.425421219436577,-0.45136648121366285,-0.21639395294684072,2
Ben Ferrer,17,1445,37,23219.76,0.29155413535798635,0.8499209716456951,1.4038929161422622,1
Ben Peterman,2,1460,38,16806.64,0.9637185304778896,1.035819179197032,0.1687488479071189,1
Ben Wallace,41,1421,33,14968.18,-0.7839088968338587,0.10632814144034769,-0.18533199943202036,3
Benjamin Farhat,27,1435,32,13367.85,-0.15655546138861573,-0.07957006611098916,-0.49354985699881265,2
Benjamin Patterson,40,1422,31,18708.61,-0.7390979371591985,-0.265468273662326,0.5350614950213468,3
Benjamin Venier,45,1417,25,21365.95,-0.9631527355324996,-1.3808575189703471,1.046855713480377,3
Berenike Kampe,27,1435,33,13586.26,-0.15655546138861573,0.10632814144034769,-0.451484868983114,2
Beth Fritzler,7,1455,30,10588.59,0.7396637321045885,-0.45136648121366285,-1.0288254331744036,2
Beth Paige,13,1449,33,12832.23,0.4707979740566272,0.10632814144034769,-0.5967083611010451,2
Beth Thompson,29,1433,34,11627.79,-0.24617738073793616,0.29222634899168454,-0.8286792148423028,2
Bill Donatelli,6,1456,38,15275.31,0.7844746917792487,1.035819179197032,-0.12617985544016327,1
Bill Eplett,36,1426,42,28479.16,-0.5598540984605577,1.7794120094023793,2.4168346219696777,1
Bill Overfelt,22,1440,26,8092.52,0.06749933698468531,-1.1949593114190102,-1.5095596240829932,2
Bill Shonely,1,1461,31,23508.65,1.0085294901525497,-0.265468273662326,1.4595321011056581,1
Bill Stewart,29,1433,28,18775.44,-0.24617738073793616,-0.8231628963163365,0.5479327149704749,2
Bill Tyler,29,1433,28,11796.36,-0.24617738073793616,-0.8231628963163365,-0.7962132332947256,2
Bobby Elias,22,1440,37,18411.92,0.06749933698468531,0.8499209716456951,0.47792005784183234,1
Bobby Odegard,2,1460,29,15027.82,0.9637185304778896,-0.6372646887649998,-0.17384554787185258,2
Bobby Trafton,52,1410,31,10396.54,-1.276829453255121,-0.265468273662326,-1.0658135790853733,3
Brad Eason,4,1458,29,18983.83,0.8740966111285691,-0.6372646887649998,0.5880678866777758,2
Brad Norvell,12,1450,36,26201.99,0.5156089337312875,0.6640227640943582,1.9782597913313895,1
Brad Thomas,31,1431,38,11682.01,-0.33579930008725656,1.035819179197032,-0.8182366359758994,2
Bradley Drucker,20,1442,30,13141.91,0.15712125633400575,-0.45136648121366285,-0.5370650961923797,2
Bradley Nguyen,10,1452,31,12879.02,0.6052308530806079,-0.265468273662326,-0.5876967737687133,2
Bradley Talbott,34,1428,32,15344.09,-0.4702321791112372,-0.07957006611098916,-0.11293307243700505,2
Brenda Bowman,29,1433,31,16004.81,-0.24617738073793616,-0.265468273662326,0.014319246054512829,2
Brendan Dodson,8,1454,24,10920.79,0.6948527724299283,-1.566755726521684,-0.9648448964827907,2
Brendan Murry,35,1427,34,12055.32,-0.5150431387858975,0.29222634899168454,-0.7463384597195903,2
Brendan Sweed,36,1426,28,12178.05,-0.5598540984605577,-0.8231628963163365,-0.7227010988882792,2
Brian Dahlen,98,1364,24,9892.33,-3.338133598289491,-1.566755726521684,-1.1629226290711592,3
Brian DeCherney,50,1412,36,10768.61,-1.1872075339058006,0.6640227640943582,-0.9941542224121395,3
Brian Derr,10,1452,34,16919.97,0.6052308530806079,0.29222634899168454,0.19057580222156972,1
Brian Moss,34,1428,32,17458.08,-0.4702321791112372,-0.07957006611098916,0.2942138714543322,2
Brian Stugart,30,1432,31,22570.79,-0.29098834041259636,-0.265468273662326,1.2789036057968206,1
Brian Thompson,19,1443,26,14895.12,0.20193221600866595,-1.1949593114190102,-0.1994030951896639,2
Brooke Gillingham,10,1452,24,11212.17,0.6052308530806079,-1.566755726521684,-0.9087261463888653,2
Brosina Hoffman,24,1438,41,28120.61,-0.0221225823646351,1.5935138018510424,2.347779169137716,1
Bruce Degenhardt,5,1457,43,15956.25,0.8292856514539089,1.9653102169537162,0.004966763026985208,1
Bruce Geld,7,1455,28,15381.8,0.7396637321045885,-0.8231628963163365,-0.10567026076138598,2
Bruce Stewart,2,1460,34,19237.22,0.9637185304778896,0.29222634899168454,0.6368698980934521,1
Bryan Davis,36,1426,31,13573.35,-0.5598540984605577,-0.265468273662326,-0.4539712889972281,2
Bryan Mills,3,1459,45,20691.16,0.9189075708032294,2.33710663205639,0.9168935631067067,1
Bryan Spruell,10,1452,30,17252.06,0.6052308530806079,-0.45136648121366285,0.2545351533050063,2
Candace McMahon,41,1421,28,14794.68,-0.7839088968338587,-0.8231628963163365,-0.21874748141875963,2
Cari MacIntyre,7,1455,37,21606.25,0.7396637321045885,0.8499209716456951,1.0931366375231057,1
Cari Sayre,16,1446,34,22064.36,0.3363650950326466,0.29222634899168454,1.181366991718755,1
Cari Schnelling,51,1411,30,12174.59,-1.2320184935804608,-0.45136648121366285,-0.723367482563634,3
Carl Jackson,14,1448,29,13970.28,0.425987014381967,-0.6372646887649998,-0.3775239848762112,2
Carl Ludwig,14,1448,40,18183.16,0.425987014381967,1.4076155942997057,0.43386169669320745,1
Carl Weiss,9,1453,29,14353.94,0.6500418127552681,-0.6372646887649998,-0.30363243548697555,2
Carlos Daly,3,1459,31,20117.99,0.9189075708032294,-0.265468273662326,0.8065030627589297,1
Carlos Meador,37,1425,25,10148.31,-0.6046650581352179,-1.3808575189703471,-1.1136217928811563,2
Carlos Soltero,26,1436,36,14937.05,-0.11174450171395553,0.6640227640943582,-0.19132752654583723,1
Carol Adams,19,1443,34,23993.66,0.20193221600866595,0.29222634899168454,1.5529432994825363,1
Carol Darley,2,1460,30,13228.38,0.9637185304778896,-0.45136648121366285,-0.5204112822016401,2
Carol Triggs,29,1433,29,14138.58,-0.24617738073793616,-0.6372646887649998,-0.34511000436688444,2
Caroline Jumper,34,1428,29,19579.57,-0.4702321791112372,-0.6372646887649998,0.7028052886303982,2
Cassandra Brandow,10,1452,30,13526.21,0.6052308530806079,-0.45136648121366285,-0.4630502850828473,2
Catherine Glotzbach,22,1440,24,4115.2,0.06749933698468531,-1.566755726521684,-2.275577288725632,2
Cathy Armstrong,14,1448,25,12292.78,0.425987014381967,-1.3808575189703471,-0.7006045095606789,2
Cathy Hwang,90,1372,29,15668.18,-2.979645920892209,-0.6372646887649998,-0.05051449285727977,3
Cathy Prescott,70,1392,33,19769.56,-2.083426727399005,0.10632814144034769,0.7393966858791627,3
Chad Cunningham,52,1410,30,12520.18,-1.276829453255121,-0.45136648121366285,-0.6568080795676846,3
Chad McGuire,9,1453,23,16565.33,0.6500418127552681,-1.7526539340730207,0.12227340146204697,2
Chad Sievert,12,1450,26,12348.5,0.5156089337312875,-1.1949593114190102,-0.6898730360373296,2
Charles Crestani,83,1379,30,13348.84,-2.6659692031695874,-0.45136648121366285,-0.49721111528450673,3
Charles McCrossin,27,1435,31,20155.95,-0.15655546138861573,-0.265468273662326,0.8138140235440398,1
Charles Sheldon,58,1404,34,20046.2,-1.5456952113030822,0.29222634899168454,0.7926765644775001,3
Charlotte Melton,1,1461,29,12826.53,1.0085294901525497,-0.6372646887649998,-0.5978061607974392,2
Chloris Kastensmidt,5,1457,43,14575.86,0.8292856514539089,1.9653102169537162,-0.2608914339740235,1
Chris Cortes,21,1441,44,11482.93,0.11231029665934553,2.151208424505053,-0.8565787348457556,1
Chris McAfee,43,1419,27,11620.62,-0.8735308161831791,-1.0090611038676733,-0.830060131302504,2
Chris Selesnick,3,1459,34,14413.71,0.9189075708032294,0.29222634899168454,-0.2921209463898726,2
Christina Anderson,35,1427,38,21837.32,-0.5150431387858975,1.035819179197032,1.1376398964434276,1
Christina DeMoss,13,1449,31,17984.61,0.4707979740566272,-0.265468273662326,0.3956216739354722,2
Christina VanderZanden,40,1422,29,10325.5,-0.7390979371591985,-0.6372646887649998,-1.07949563003833,2
Christine Abelman,14,1448,26,7802.29,0.425987014381967,-1.1949593114190102,-1.5654568882732602,2
Christine Kargatis,1,1461,35,13053.19,1.0085294901525497,0.4781245565430214,-0.5541522521685381,2
Christine Phan,9,1453,34,25154.13,0.6500418127552681,0.29222634899168454,1.7764456878465211,1
Christine Sundaresam,7,1455,40,10548.06,0.7396637321045885,1.4076155942997057,-1.036631366805081,1
Christopher Conant,7,1455,39,35187.09,0.7396637321045885,1.2217173867483688,3.708758046080962,1
Christopher Martinez,38,1424,29,22463.6,-0.6494760178098781,-0.6372646887649998,1.2582591936114682,1
Christopher Schild,2,1460,28,12514.53,0.9637185304778896,-0.8231628963163365,-0.6578962494421807,2
Christy Brittain,27,1435,27,13938.13,-0.15655546138861573,-1.0090611038676733,-0.3837159603567514,2
Chuck Clark,1,1461,31,15039.16,1.0085294901525497,-0.265468273662326,-0.17166150426534174,2
Chuck Magee,16,1446,29,13713.29,0.3363650950326466,-0.6372646887649998,-0.42701934346855774,2
Chuck Sachs,7,1455,31,22755.43,0.7396637321045885,-0.265468273662326,1.314464612102478,1
Cindy Chapman,17,1445,37,20869.66,0.29155413535798635,0.8499209716456951,0.9512720272832654,1
Cindy Schnelling,3,1459,33,12774.63,0.9189075708032294,0.10632814144034769,-0.6078019159277667,2
Cindy Stewart,28,1434,23,13429.76,-0.20136642106327596,-1.7526539340730207,-0.4816262115244667,2
Claire Gute,29,1433,25,14661.68,-0.24617738073793616,-1.3808575189703471,-0.24436280766796037,2
Claudia Bergmann,8,1454,29,18255.78,0.6948527724299283,-0.6372646887649998,0.44784805001814676,2
Clay Cheatham,28,1434,30,9342.08,-0.20136642106327596,-0.45136648121366285,-1.2688988190608035,2
Clay Ludtke,6,1456,36,19783.79,0.7844746917792487,0.6640227640943582,0.7421373331913891,1
Clay Rozendal,23,1439,25,11757.57,0.02268837731002511,-1.3808575189703471,-0.803684049123346,2
Clytie Kelty,44,1418,36,17143.13,-0.9183417758578393,0.6640227640943582,0.233555623317597,1
Corey Catlett,17,1445,32,17605.03,0.29155413535798635,-0.07957006611098916,0.322515918013129,1
Corey Roper,44,1418,37,22351.07,-0.9183417758578393,0.8499209716456951,1.236586316447389,1
Corey-Lock,5,1457,30,13046.88,0.8292856514539089,-0.45136648121366285,-0.5553675356920907,2
Corinna Mitchell,28,1434,30,15578.57,-0.20136642106327596,-0.45136648121366285,-0.06777305966322632,2
Craig Carreira,17,1445,34,11496.58,0.29155413535798635,0.29222634899168454,-0.8539497934675482,2
Craig Carroll,55,1407,25,16817.95,-1.4112623322791016,-1.3808575189703471,0.170927113620491,3
Craig Leslie,9,1453,35,19376.03,0.6500418127552681,0.4781245565430214,0.6636042096472227,1
Craig Molinari,42,1420,26,11230.84,-0.8287198565085189,-1.1949593114190102,-0.905130370892079,2
Craig Reiter,6,1456,35,20847.54,0.7844746917792487,0.4781245565430214,0.9470117940755038,1
Craig Yedwab,61,1401,35,14221.48,-1.680128090327063,0.4781245565430214,-0.32914375965967596,3
Cyma Kinney,38,1424,38,10590.76,-0.6494760178098781,1.035819179197032,-1.0284074989040217,2
Cynthia Arntzen,94,1368,30,19836.34,-3.15888975959085,-0.45136648121366285,0.7522582760063927,3
Cynthia Delaney,77,1385,32,14498.92,-2.397103445121626,-0.07957006611098916,-0.2757098039109672,3
Cynthia Voltz,5,1457,27,14852.99,0.8292856514539089,-1.0090611038676733,-0.20751718312108386,2
Cyra Reiten,56,1406,32,15658.57,-1.4560732919537618,-0.07957006611098916,-0.05236534462611311,3
Damala Kotsonis,22,1440,43,20963.7,0.06749933698468531,1.9653102169537162,0.9693837963093922,1
Dan Campbell,35,1427,38,13438.5,-0.5150431387858975,1.035819179197032,-0.4799429186566621,1
Dan Lawera,58,1404,41,12688.68,-1.5456952113030822,1.5935138018510424,-0.624355579770765,3
Dan Reichenbach,4,1458,40,16706.79,0.8740966111285691,1.4076155942997057,0.14951809357642223,1
Dana Kaydos,46,1416,28,19632.76,-1.0079636952071598,-0.8231628963163365,0.7130494931656985,3
Daniel Byrd,3,1459,35,15389.48,0.9189075708032294,0.4781245565430214,-0.10419112011782306,1
Daniel Lacy,38,1424,28,12196.69,-0.6494760178098781,-0.8231628963163365,-0.7191111012846315,2
Daniel Raglin,28,1434,41,27929.85,-0.20136642106327596,1.5935138018510424,2.311039472631719,1
Dario Medina,13,1449,41,22299.96,0.4707979740566272,1.5935138018510424,1.2267427125030532,1
Darren Budd,58,1404,15,9679.24,-1.5456952113030822,-3.2398395944837155,-1.2039630040368898,3
Darren Koutras,2,1460,36,14905.42,0.9637185304778896,0.6640227640943582,-0.1974193518786357,1
Darren Powers,15,1447,41,15976.36,0.3811760547073068,1.5935138018510424,0.008839877394439654,1
Darrin Martin,3,1459,36,17732.31,0.9189075708032294,0.6640227640943582,0.3470295926371766,1
Darrin Sayre,49,1413,32,13280.81,-1.1423965742311404,-0.07957006611098916,-0.510313450959192,3
Darrin Van Huff,20,1442,37,22746.35,0.15712125633400575,0.8499209716456951,1.3127158364457652,1
Dave Brooks,9,1453,34,25547.19,0.6500418127552681,0.29222634899168454,1.8521476437526172,1
Dave Hallsten,76,1386,35,16192.33,-2.352292485446966,0.4781245565430214,0.05043493010150628,3
Dave Kipp,9,1453,39,19452.42,0.6500418127552681,1.2217173867483688,0.678316651543286,1
Dave Poirier,7,1455,31,25900.74,0.7396637321045885,-0.265468273662326,1.92024011439476,1
David Bremer,6,1456,20,6273.81,0.7844746917792487,-2.3103485567270314,-1.859836691772345,2
David Flashing,10,1452,22,11542.05,0.6052308530806079,-1.9385521416243576,-0.8451924334333292,2
David Kendrick,11,1451,36,17561.59,0.5604198934059477,0.6640227640943582,0.31414952874797675,1
David Philippe,8,1454,31,23729.25,0.6948527724299283,-0.265468273662326,1.5020188753204975,1
David Smith,15,1447,33,13632.54,0.3811760547073068,0.10632814144034769,-0.4425715058341439,2
David Wiener,7,1455,30,10930.55,0.7396637321045885,-0.45136648121366285,-0.9629651552482632,2
Dean Braden,8,1454,34,14130.61,0.6948527724299283,0.29222634899168454,-0.34664499797745674,2
Dean Katz,2,1460,37,10654.44,0.9637185304778896,0.8499209716456951,-1.0161429577344796,2
Dean percer,19,1443,35,22834.93,0.20193221600866595,0.4781245565430214,1.329776028920609,1
Deanra Eno,20,1442,30,12800.27,0.15712125633400575,-0.45136648121366285,-0.6028637432583716,2
Deborah Brumfield,10,1452,27,12576.6,0.6052308530806079,-1.0090611038676733,-0.6459417885377605,2
Debra Catini,19,1443,27,16964.64,0.20193221600866595,-1.0090611038676733,0.19917908510541749,2
Deirdre Greer,15,1447,35,16713.73,0.3811760547073068,0.4781245565430214,0.15085471285589155,1
Delfina Latchford,19,1443,33,20252.47,0.20193221600866595,0.10632814144034769,0.8324034317363169,1
Denise Leinenbach,13,1449,37,17940.97,0.4707979740566272,0.8499209716456951,0.3872167653827271,1
Denise Monton,3,1459,33,22053.31,0.9189075708032294,0.10632814144034769,1.1792388010792538,1
Dennis Bolton,48,1414,30,10611.34,-1.0975856145564802,-0.45136648121366285,-1.0244438642107245,3
Dennis Kane,5,1457,36,20105.31,0.8292856514539089,0.6640227640943582,0.8040609399255472,1
Dennis Pardue,1,1461,33,11658.92,1.0085294901525497,0.10632814144034769,-0.8226836877284862,2
Denny Blanton,29,1433,28,16632.65,-0.24617738073793616,-0.8231628963163365,0.13523899366577768,2
Denny Joy,2,1460,32,22562.07,0.9637185304778896,-0.07957006611098916,1.2772241648577751,1
Denny Ordway,37,1425,42,18796.62,-0.6046650581352179,1.7794120094023793,0.5520119075265506,1
Dianna Arnett,14,1448,29,15247.43,0.425987014381967,-0.6372646887649998,-0.13154944413059708,2
Dianna Vittorini,14,1448,25,16948.7,0.425987014381967,-1.3808575189703471,0.19610909788427291,2
Dianna Wilson,56,1406,35,23454.95,-1.4560732919537618,0.4781245565430214,1.4491896723869957,1
Dionis Lloyd,23,1439,32,16645.77,0.02268837731002511,-0.07957006611098916,0.13776585893186405,2
Don Jones,7,1455,38,21396.98,0.7396637321045885,1.035819179197032,1.0528319809503972,1
Don Miller,36,1426,25,11831.67,-0.5598540984605577,-1.3808575189703471,-0.7894126530702199,2
Don Weiss,13,1449,24,14383.02,0.4707979740566272,-1.566755726521684,-0.2980317310709849,2
Dorothy Badders,6,1456,25,10386.33,0.7844746917792487,-1.3808575189703471,-1.067779988716985,2
Dorothy Dickinson,42,1420,32,11072.86,-0.8287198565085189,-0.07957006611098916,-0.9355567561616183,2
Dorothy Wardle,6,1456,41,12604.89,0.7844746917792487,1.5935138018510424,-0.6404932353077616,1
Dorris liebe,6,1456,30,14721.84,0.7844746917792487,-0.45136648121366285,-0.23277620596005125,2
Doug Bickford,28,1434,32,12855.61,-0.20136642106327596,-0.07957006611098916,-0.5922054563814485,2
Doug Jacobs,13,1449,33,13854.1,0.4707979740566272,0.10632814144034769,-0.39989983903885895,2
Doug O'Connell,27,1435,30,13772.75,-0.15655546138861573,-0.45136648121366285,-0.4155675592672235,2
Duane Benoit,13,1449,23,13604.77,0.4707979740566272,-1.7526539340730207,-0.4479199089164019,2
Duane Huffman,21,1441,29,12479.15,0.11231029665934553,-0.6372646887649998,-0.6647103114173442,2
Duane Noonan,13,1449,29,14914.29,0.4707979740566272,-0.6372646887649998,-0.19571102147389563,2
Ed Braxton,49,1413,33,15523.92,-1.1423965742311404,0.10632814144034769,-0.07829845499795421,3
Ed Jacobs,50,1412,30,10697.41,-1.1872075339058006,-0.45136648121366285,-1.0078670887951704,3
Ed Ludwig,27,1435,34,14207.26,-0.15655546138861573,0.29222634899168454,-0.3318824810075227,2
Edward Becker,33,1429,26,9429.15,-0.425421219436577,-1.1949593114190102,-1.2521294472072855,2
Edward Hooks,3,1459,38,21270.31,0.9189075708032294,1.035819179197032,1.0284357901535084,1
Edward Nazzal,15,1447,28,7068.77,0.3811760547073068,-0.8231628963163365,-1.7067302274485512,2
Eileen Kiefer,45,1417,23,7128.45,-0.9631527355324996,-1.7526539340730207,-1.6952360720308648,2
Eleni McCrary,59,1403,29,14582.59,-1.5905061709777424,-0.6372646887649998,-0.25959525994652644,3
Elizabeth Moffitt,56,1406,32,14506.31,-1.4560732919537618,-0.07957006611098916,-0.274286516234414,3
Ellis Ballard,3,1459,31,21985.89,0.9189075708032294,-0.265468273662326,1.1662539492317263,1
Elpida Rittenbach,54,1408,26,17132.3,-1.3664513726044414,-1.1949593114190102,0.23146980389444746,3
Emily Burns,16,1446,24,7035.85,0.3363650950326466,-1.566755726521684,-1.7130705021863233,2
Emily Ducich,16,1446,39,18544.38,0.3363650950326466,1.2217173867483688,0.5034313820145331,1
Emily Grady,23,1439,32,23112.3,0.02268837731002511,-0.07957006611098916,1.38319650291866,1
Emily Phan,13,1449,36,16771.31,0.4707979740566272,0.6640227640943582,0.16194441575385413,1
Eric Barreto,8,1454,27,11967.47,0.6948527724299283,-1.0090611038676733,-0.7632580567947204,2
Eric Hoffmann,58,1404,36,10351.45,-1.5456952113030822,0.6640227640943582,-1.0744977524731663,3
Eric Murdock,3,1459,45,28084.38,0.9189075708032294,2.33710663205639,2.3408014001902835,1
Erica Bern,1,1461,41,16119.22,1.0085294901525497,1.5935138018510424,0.036354204521964334,1
Erica Hackney,34,1428,32,9479.59,-0.4702321791112372,-0.07957006611098916,-1.2424148828763855,2
Erica Hernandez,3,1459,35,13004.61,0.9189075708032294,0.4781245565430214,-0.5635085871248252,2
Erica Smith,1,1461,39,14720.06,1.0085294901525497,1.2217173867483688,-0.23311902761962713,1
Erin Ashbrook,94,1368,34,11518.88,-3.15888975959085,0.29222634899168454,-0.8496548929009531,3
Erin Creighton,54,1408,26,6731.55,-1.3664513726044414,-1.1949593114190102,-1.771677598258743,3
Erin Mull,17,1445,26,15321.54,0.29155413535798635,-1.1949593114190102,-0.1172761221130912,2
Erin Smith,29,1433,33,18161.55,-0.24617738073793616,0.10632814144034769,0.4296996876688071,1
Eudokia Martin,9,1453,26,13723.25,0.6500418127552681,-1.1949593114190102,-0.4251010829464373,2
Eugene Barchas,21,1441,34,16083.23,0.11231029665934553,0.29222634899168454,0.029422658719643068,1
Eugene Hildebrand,23,1439,44,22420.53,0.02268837731002511,2.151208424505053,1.2499640650283623,1
Eugene Moren,25,1437,36,23408.07,-0.06693354203929532,0.6640227640943582,1.4401607513752472,1
Eva Jacobs,23,1439,28,14956.83,0.02268837731002511,-0.8231628963163365,-0.18751796900291087,2
Evan Bailliet,20,1442,29,8004.06,0.15712125633400575,-0.6372646887649998,-1.526596704985281,2
Evan Henry,68,1394,37,16378.31,-1.9938048080496844,0.8499209716456951,0.08625401563403513,3
Evan Minnotte,42,1420,27,19673.68,-0.8287198565085189,-1.0090611038676733,0.7209305394071823,3
Filia McAdams,8,1454,37,17288.99,0.6948527724299283,0.8499209716456951,0.2616477397590138,1
Frank Atkinson,23,1439,35,14349.64,0.02268837731002511,0.4781245565430214,-0.3044606001702206,2
Frank Carlisle,43,1419,29,12408.43,-0.8735308161831791,-0.6372646887649998,-0.6783307315101521,2
Frank Gastineau,35,1427,27,9704.71,-0.5150431387858975,-1.0090611038676733,-1.199057572761949,2
Frank Hawley,5,1457,28,13682.64,0.8292856514539089,-0.8231628963163365,-0.432922424292152,2
Frank Merwin,3,1459,38,16385.03,0.9189075708032294,1.035819179197032,0.08754826369715252,1
Frank Olsen,23,1439,47,17772.66,0.02268837731002511,2.7089030471590636,0.3548008589090203,1
Frank Preis,24,1438,34,10755.64,-0.0221225823646351,0.29222634899168454,-0.9966521982125316,2
Fred Chung,108,1354,27,9321.68,-3.786243195036093,-1.0090611038676733,-1.2728277863952673,3
Fred Harton,2,1460,23,10765.01,0.9637185304778896,-1.7526539340730207,-0.9948475695888096,2
Fred Hopkins,2,1460,39,30400.69,0.9637185304778896,1.2217173867483688,2.7869144554104794,1
Fred McMath,2,1460,27,7441.94,0.9637185304778896,-1.0090611038676733,-1.6348590146935573,2
Fred Wasserman,1,1461,34,18193.56,1.0085294901525497,0.29222634899168454,0.4358646996480324,1
Gary Hansen,21,1441,45,15269.8,0.11231029665934553,2.33710663205639,-0.1272410618133445,1
Gary Hwang,19,1443,41,24625.56,0.20193221600866595,1.5935138018510424,1.6746449886319346,1
Gary McGarr,2,1460,34,16517.68,0.9637185304778896,0.29222634899168454,0.11309618119306614,1
Gary Mitchum,17,1445,21,11012.09,0.29155413535798635,-2.1244503491756945,-0.9472608416966855,2
Gary Zandusky,8,1454,43,24705.3,0.6948527724299283,1.9653102169537162,1.6900026285951768,1
Gene Hale,52,1410,25,15487.28,-1.276829453255121,-1.3808575189703471,-0.08535518848495195,3
Gene McClure,105,1357,28,11002.56,-3.6518103160121123,-0.8231628963163365,-0.9490962857504817,3
George Ashbrook,23,1439,31,13807.06,0.02268837731002511,-0.265468273662326,-0.4089595754806817,2
George Bell,34,1428,30,12183.65,-0.4702321791112372,-0.45136648121366285,-0.7216225588356812,2
George Zrebassa,31,1431,30,15292.12,-0.33579930008725656,-0.45136648121366285,-0.12294230931798959,2
Georgia Rosenberg,50,1412,30,13850.54,-1.1872075339058006,-0.45136648121366285,-0.4005854823580104,3
Giulietta Baptist,14,1448,30,12570.91,0.425987014381967,-0.45136648121366285,-0.6470376622697753,2
Giulietta Dortch,6,1456,33,18705.7,0.7844746917792487,0.10632814144034769,0.5345010393868719,1
Giulietta Weimer,15,1447,33,18070.28,0.3811760547073068,0.10632814144034769,0.4121214107758405,1
Grace Kelly,13,1449,28,19980.37,0.4707979740566272,-0.8231628963163365,0.7799979409663352,2
Grant Thornton,10,1452,27,20225.36,0.6052308530806079,-1.0090611038676733,0.827182142303115,2
Greg Guthrie,34,1428,33,13903.37,-0.4702321791112372,0.10632814144034769,-0.39041061254037673,2
Greg Hansen,2,1460,38,13998.52,0.9637185304778896,1.035819179197032,-0.37208506146811027,1
Greg Matthias,2,1460,37,13601.02,0.9637185304778896,0.8499209716456951,-0.4486421455587666,1
Greg Maxwell,48,1414,26,15356.42,-1.0975856145564802,-1.1949593114190102,-0.11055835835691,3
Greg Tran,9,1453,34,35550.94,0.6500418127552681,0.29222634899168454,3.778834260034134,1
Guy Armstrong,3,1459,28,10278.35,0.9189075708032294,-0.8231628963163365,-1.0885765520883286,2
Guy Phonely,2,1460,33,15403.84,0.9637185304778896,0.10632814144034769,-0.10142543526866113,2
Guy Thornton,1,1461,31,9059.29,1.0085294901525497,-0.265468273662326,-1.3233631657526188,2
Hallie Redmond,14,1448,26,15677.27,0.425987014381967,-1.1949593114190102,-0.04876379123618775,2
Harold Dahlen,43,1419,36,20074.76,-0.8735308161831791,0.6640227640943582,0.798177118745749,1
Harold Engle,7,1455,35,10993.8,0.7396637321045885,0.4781245565430214,-0.9507834305470456,2
Harold Pawlan,31,1431,29,8518.12,-0.33579930008725656,-0.6372646887649998,-1.4275905800855508,2
Harold Ryan,52,1410,24,10029.1,-1.276829453255121,-1.566755726521684,-1.1365812142508342,3
Harry Greene,13,1449,39,24216.43,0.4707979740566272,1.2217173867483688,1.5958480079677577,1
Harry Marie,2,1460,41,28476.95,0.9637185304778896,1.5935138018510424,2.4164089838417775,1
Heather Jas,6,1456,38,15434.01,0.7844746917792487,1.035819179197032,-0.09561480073528979,1
Heather Kirkland,44,1418,33,15543.41,-0.9183417758578393,0.10632814144034769,-0.07454475042203755,3
Helen Abelman,14,1448,28,16933.46,0.425987014381967,-0.8231628963163365,0.19317392816970255,2
Helen Andreada,21,1441,31,10411.08,0.11231029665934553,-0.265468273662326,-1.0630132268773782,2
Helen Wasserman,35,1427,35,18374.0,-0.5150431387858975,0.4781245565430214,0.470616800914241,1
Henia Zydlo,36,1426,28,12486.79,-0.5598540984605577,-0.8231628963163365,-0.6632388746312996,2
Henry Goldwyn,24,1438,39,17165.29,-0.0221225823646351,1.2217173867483688,0.23782356038287733,1
Henry MacAllister,26,1436,34,17128.13,-0.11174450171395553,0.29222634899168454,0.2306666767481383,1
Herbert Flentye,15,1447,36,11812.82,0.3811760547073068,0.6640227640943582,-0.7930430959258398,2
Hilary Holden,55,1407,27,15229.31,-1.4112623322791016,-1.0090611038676733,-0.13503929158650335,3
Hunter Glantz,7,1455,36,16214.42,0.7396637321045885,0.6640227640943582,0.054689385416129194,1
Hunter Lopez,31,1431,24,30243.58,-0.33579930008725656,-1.566755726521684,2.756655629041969,1
Ionia McGrath,16,1446,22,9479.8,0.3363650950326466,-1.9385521416243576,-1.2423744376244132,2
Irene Maddox,41,1421,34,19918.18,-0.7839088968338587,0.29222634899168454,0.7680203684893596,1
Ivan Gibson,2,1460,37,16149.36,0.9637185304778896,0.8499209716456951,0.042159061162196976,1
Ivan Liston,117,1345,32,12855.52,-4.189541832108035,-0.07957006611098916,-0.5922227900608653,3
Jack Garza,6,1456,28,15709.49,0.7844746917792487,-0.8231628963163365,-0.04255833400499053,2
Jack Lebron,9,1453,40,18673.91,0.6500418127552681,1.4076155942997057,0.5283783986239988,1
Jack O'Briant,6,1456,29,13345.68,0.7844746917792487,-0.6372646887649998,-0.4978197200284727,2
James Galang,2,1460,40,21551.53,0.9637185304778896,1.4076155942997057,1.0825977604377202,1
James Lanier,7,1455,32,14852.94,0.7396637321045885,-0.07957006611098916,-0.20752681294298192,2
Jamie Frazer,7,1455,36,20574.88,0.7396637321045885,0.6640227640943582,0.8944984493002628,1
Jamie Kunitz,62,1400,29,12534.61,-1.7249390500017232,-0.6372646887649998,-0.6540289129678653,3
Jane Waco,13,1449,40,30288.44,0.4707979740566272,1.4076155942997057,2.76529550524903,1
Janet Lee,2,1460,28,20477.09,0.9637185304778896,-0.8231628963163365,0.8756644436317713,2
Janet Martin,7,1455,29,18018.65,0.7396637321045885,-0.6372646887649998,0.4021776566837641,2
Janet Molinari,38,1424,33,16168.46,-0.6494760178098781,0.10632814144034769,0.04583765312730747,2
Jas O'Carroll,15,1447,25,8818.41,0.3811760547073068,-1.3808575189703471,-1.369755795729367,2
Jason Fortune-,57,1405,32,22816.19,-1.500884251628422,-0.07957006611098916,1.3261667716731649,3
Jason Gross,3,1459,29,13570.71,0.9189075708032294,-0.6372646887649998,-0.45447974359345306,2
Jason Klamczynski,78,1384,31,17204.24,-2.4419144047962864,-0.265468273662326,0.24532519164157196,3
Jasper Cacioppo,35,1427,35,18442.41,-0.5150431387858975,0.4781245565430214,0.48379232323535243,1
Jay Fein,14,1448,31,10819.33,0.425987014381967,-0.265468273662326,-0.9843857310786097,2
Jay Kimmel,2,1460,33,13400.94,0.9637185304778896,0.10632814144034769,-0.4871768408665867,2
Jenna Caffey,9,1453,34,16162.03,0.6500418127552681,0.29222634899168454,0.04459925803119979,1
Jennifer Braxton,8,1454,41,15257.55,0.6948527724299283,1.5935138018510424,-0.12960036817840245,1
Jennifer Ferguson,3,1459,34,22944.48,0.9189075708032294,0.29222634899168454,1.3508749686995558,1
Jennifer Halladay,6,1456,40,12689.69,0.7844746917792487,1.4076155942997057,-0.6241610573684213,1
Jennifer Jackson,20,1442,25,12187.03,0.15712125633400575,-1.3808575189703471,-0.7209715828753629,2
Jennifer Patt,37,1425,36,14210.35,-0.6046650581352179,0.6640227640943582,-0.33128735801421416,1
Jeremy Ellison,28,1434,30,6819.26,-0.20136642106327596,-0.45136648121366285,-1.7547849646849278,2
Jeremy Farry,5,1457,37,10721.92,0.8292856514539089,0.8499209716456951,-1.0031465501006747,2
Jeremy Lonsdale,31,1431,25,11361.04,-0.33579930008725656,-1.3808575189703471,-0.8800543146691772,2
Jeremy Pistek,9,1453,30,18656.57,0.6500418127552681,-0.45136648121366285,0.5250387763897045,2
Jessica Myrick,15,1447,25,7790.22,0.3811760547073068,-1.3808575189703471,-1.5677815272794846,2
Jesus Ocampo,13,1449,28,8206.69,0.4707979740566272,-0.8231628963163365,-1.487570888760653,2
Jill Fjeld,2,1460,35,23620.83,0.9637185304778896,0.4781245565430214,1.4811375695164501,1
Jill Matthias,1,1461,29,14176.18,1.0085294901525497,-0.6372646887649998,-0.33786837829944116,2
Jill Stevenson,6,1456,24,10141.34,0.7844746917792487,-1.566755726521684,-1.1149641900537646,2
Jim Epp,43,1419,32,13949.52,-0.8735308161831791,-0.07957006611098916,-0.3815222869283421,3
Jim Karlsson,2,1460,35,17119.19,0.9637185304778896,0.4781245565430214,0.22894486459274044,1
Jim Kriz,1,1461,30,13065.88,1.0085294901525497,-0.45136648121366285,-0.5517082033707763,2
Jim Mitchum,9,1453,42,19897.39,0.6500418127552681,1.7794120094023793,0.7640162885440897,1
Jim Radford,13,1449,26,15923.13,0.4707979740566272,-1.1949593114190102,-0.0014120309983798153,2
Jim Sink,41,1421,31,16282.59,-0.7839088968338587,-0.265468273662326,0.06781868459212931,3
Jocasta Rupert,8,1454,24,11241.49,0.6948527724299283,-1.566755726521684,-0.9030792188277634,2
Joe Elijah,10,1452,43,22455.59,0.6052308530806079,1.9653102169537162,1.2567164961433774,1
Joe Kamberova,49,1413,40,26688.78,-1.1423965742311404,1.4076155942997057,2.0720138113678432,1
Joel Eaton,33,1429,42,21904.64,-0.425421219436577,1.7794120094023793,1.1506054886471582,1
Joel Jenkins,3,1459,34,19993.79,0.9189075708032294,0.29222634899168454,0.7825825851638113,1
John Castell,2,1460,30,12295.27,0.9637185304778896,-0.45136648121366285,-0.7001249444301487,2
John Dryer,16,1446,29,11590.83,0.3363650950326466,-0.6372646887649998,-0.8357975791894492,2
John Grady,1,1461,40,22223.76,1.0085294901525497,1.4076155942997057,1.2120668639302026,1
John Huston,14,1448,38,25945.75,0.425987014381967,1.035819179197032,1.9289088800675156,1
John Lee,22,1440,37,25982.32,0.06749933698468531,0.8499209716456951,1.9359521318038557,1
John Lucas,45,1417,26,10501.27,-0.9631527355324996,-1.1949593114190102,-1.0456429541374126,2
John Murray,69,1393,35,22386.22,-2.0386157677243446,0.4781245565430214,1.243356081241821,3
John Stevenson,12,1450,26,12189.1,0.5156089337312875,-1.1949593114190102,-0.7205729082487776,2
Jonathan Doherty,3,1459,38,19481.78,0.9189075708032294,1.035819179197032,0.6839712829619067,1
Jonathan Howell,41,1421,40,16546.72,-0.7839088968338587,1.4076155942997057,0.1186891817515384,1
Joni Blumstein,10,1452,27,13337.37,0.6052308530806079,-1.0090611038676733,-0.4994201964279527,2
Joni Sundaresam,6,1456,28,6802.11,0.7844746917792487,-0.8231628963163365,-1.7580879935960088,2
Joni Wasserman,6,1456,32,10948.64,0.7844746917792487,-0.07957006611098916,-0.959481085685496,2
Joseph Airdo,1,1461,32,18162.68,1.0085294901525497,-0.07957006611098916,0.42991732164370655,1
Joseph Holt,12,1450,45,20936.86,0.5156089337312875,2.33710663205639,0.9642145079144407,1
Joy Bell-,2,1460,39,24008.18,0.9637185304778896,1.2217173867483688,1.5557397997617726,1
Joy Daniels,43,1419,32,11343.41,-0.8735308161831791,-0.07957006611098916,-0.8834497898704812,2
Joy Smith,22,1440,36,20791.87,0.06749933698468531,0.6640227640943582,0.9362899503740524,1
Julia Barnett,1,1461,34,17086.93,1.0085294901525497,0.29222634899168454,0.22273170350402482,1
Julia Dunbar,66,1396,28,11224.48,-1.904182888700364,-0.8231628963163365,-0.9063552842375296,3
Julia West,2,1460,29,20599.97,0.9637185304778896,-0.6372646887649998,0.8993306939287774,1
Juliana Krohn,9,1453,38,23134.22,0.6500418127552681,1.035819179197032,1.3874182168388294,1
Julie Creighton,58,1404,34,14994.04,-1.5456952113030822,0.29222634899168454,-0.1803514555462734,3
Julie Kriz,98,1364,32,15647.79,-3.338133598289491,-0.07957006611098916,-0.054441534227363884,3
Julie Prescott,27,1435,42,14596.16,-0.15655546138861573,1.7794120094023793,-0.25698172628335614,1
Justin Deggeller,1,1461,34,23611.64,1.0085294901525497,0.29222634899168454,1.4793676082515614,1
Justin Ellison,21,1441,28,12908.45,0.11231029665934553,-0.8231628963163365,-0.5820286605994353,2
Justin Hirsh,28,1434,40,23918.91,-0.20136642106327596,1.4076155942997057,1.5385467157447337,1
Justin MacKendrick,13,1449,33,9026.06,0.4707979740566272,0.10632814144034769,-1.32976314538616,2
Justin Ritter,19,1443,27,13623.25,0.20193221600866595,-1.0090611038676733,-0.44436072674282884,2
Kalyca Meade,1,1461,21,8645.91,1.0085294901525497,-2.1244503491756945,-1.4029786812781422,2
Karen Bern,5,1457,34,11846.0,0.8292856514539089,0.29222634899168454,-0.786652746114197,2
Karen Carlisle,45,1417,35,10416.33,-0.9631527355324996,0.4781245565430214,-1.0620020955780676,3
Karen Daniels,37,1425,30,24017.32,-0.6046650581352179,-0.45136648121366285,1.5575001312047625,1
Karen Ferguson,33,1429,30,18264.99,-0.425421219436577,-0.45136648121366285,0.449621863211795,2
Karen Seio,36,1426,25,5324.96,-0.5598540984605577,-1.3808575189703471,-2.0425818219344065,2
Karl Braun,3,1459,40,17500.45,0.9189075708032294,1.4076155942997057,0.3023741825308631,1
Katharine Harms,17,1445,39,18416.87,0.29155413535798635,1.2217173867483688,0.4788734102097539,1
Katherine Ducich,42,1420,21,11693.5,-0.8287198565085189,-2.1244503491756945,-0.8160237029036941,2
Katherine Hughes,2,1460,35,12204.87,0.9637185304778896,0.4781245565430214,-0.7175356624220867,2
Katherine Murray,3,1459,33,18519.16,0.9189075708032294,0.10632814144034769,0.4985740998490829,1
Katherine Nockton,20,1442,32,19668.9,0.15712125633400575,-0.07957006611098916,0.720009928433715,1
Katrina Bavinger,20,1442,31,14024.66,0.15712125633400575,-0.265468273662326,-0.36705059057973366,2
Katrina Edelman,27,1435,35,13551.12,-0.15655546138861573,0.4781245565430214,-0.45825270781316585,2
Katrina Willman,27,1435,27,15747.26,-0.15655546138861573,-1.0090611038676733,-0.035283966543093376,2
Kean Nguyen,38,1424,34,18061.99,-0.6494760178098781,0.29222634899168454,0.4105247863051202,1
Kean Takahito,44,1418,39,17257.14,-0.9183417758578393,1.2217173867483688,0.25551354320986264,1
Kean Thornton,28,1434,27,8360.4,-0.20136642106327596,-1.0090611038676733,-1.4579668902812197,2
Keith Dawkins,47,1415,40,26451.26,-1.05277465488182,1.4076155942997057,2.026268305422654,1
Keith Herrera,16,1446,33,16884.74,0.3363650950326466,0.10632814144034769,0.18379062971210108,1
Kelly Andreada,17,1445,42,18879.81,0.29155413535798635,1.7794120094023793,0.5680340052007692,1
Kelly Collister,34,1428,32,19403.03,-0.4702321791112372,-0.07957006611098916,0.6688043134722484,1
Kelly Lampkin,16,1446,33,14248.44,0.3363650950326466,0.10632814144034769,-0.3239513596921686,2
Kelly Williams,23,1439,40,11833.77,0.02268837731002511,1.4076155942997057,-0.7890082005504956,1
Ken Black,94,1368,29,16602.55,-3.15888975959085,-0.6372646887649998,0.12944184088306343,3
Ken Brennan,2,1460,36,11463.7,0.9637185304778896,0.6640227640943582,-0.8602823643478016,2
Ken Dana,76,1386,27,12554.45,-2.352292485446966,-1.0090611038676733,-0.6502077996386612,3
Ken Heidel,9,1453,32,9016.55,0.6500418127552681,-0.07957006611098916,-1.3315947375111967,2
Ken Lonsdale,1,1461,33,24129.39,1.0085294901525497,0.10632814144034769,1.5790844140073785,1
Khloe Miller,16,1446,32,10973.81,0.3363650950326466,-0.07957006611098916,-0.9546334333419443,2
Kimberly Carter,3,1459,26,13923.11,0.9189075708032294,-1.1949593114190102,-0.3866087588549691,2
Kristen Hastings,3,1459,46,19854.47,0.9189075708032294,2.5230048396077267,0.7557500494266787,1
Kristina Nunn,99,1363,24,10715.65,-3.382944557964151,-1.566755726521684,-1.0043541297667085,3
Kunst Miller,29,1433,26,16969.68,-0.24617738073793616,-1.1949593114190102,0.20014977115275578,2
Larry Blacks,10,1452,36,14583.98,0.6052308530806079,0.6640227640943582,-0.2593275508977567,1
Larry Hughes,13,1449,27,8690.74,0.4707979740566272,-1.0090611038676733,-1.3943445829642198,2
Larry Tron,7,1455,34,18619.11,0.7396637321045885,0.29222634899168454,0.5178241138235764,1
Laura Armstrong,2,1460,46,27862.44,0.9637185304778896,2.5230048396077267,2.2980565467485716,1
Laurel Beltran,40,1422,39,26386.0,-0.7390979371591985,1.2217173867483688,2.0136994618811292,1
Laurel Elliston,15,1447,30,11478.77,0.3811760547073068,-0.45136648121366285,-0.8573799360276855,2
Laurel Workman,23,1439,31,10872.58,0.02268837731002511,-0.265468273662326,-0.9741299707570312,2
Lauren Leatherbury,27,1435,35,14936.94,-0.15655546138861573,0.4781245565430214,-0.19134871215401303,1
Lela Donovan,43,1419,38,16184.66,-0.8735308161831791,1.035819179197032,0.048957715422323037,1
Lena Cacioppo,24,1438,29,11080.35,-0.0221225823646351,-0.6372646887649998,-0.9341142088412685,2
Lena Creighton,17,1445,38,18886.9,0.29155413535798635,1.035819179197032,0.5693995139459334,1
Lena Hernandez,22,1440,32,12939.13,0.06749933698468531,-0.07957006611098916,-0.5761198018827026,2
Lena Radford,27,1435,29,22902.75,-0.15655546138861573,-0.6372646887649998,1.3428379193433218,1
Linda Cazamias,42,1420,35,16741.39,-0.8287198565085189,0.4781245565430214,0.15618193032997343,1
Linda Southworth,7,1455,32,13146.15,0.7396637321045885,-0.07957006611098916,-0.5362484872954127,2
Lindsay Castell,3,1459,30,14299.48,0.9189075708032294,-0.45136648121366285,-0.3141212374984906,2
Lindsay Shagiari,21,1441,27,9363.08,0.11231029665934553,-1.0090611038676733,-1.2648542938635612,2
Lindsay Williams,15,1447,34,10981.63,0.3811760547073068,0.29222634899168454,-0.9531273291970664,2
Lisa DeCherney,44,1418,33,11823.33,-0.9183417758578393,0.10632814144034769,-0.791018907362839,3
Lisa Hazard,42,1420,21,9162.97,-0.8287198565085189,-2.1244503491756945,-1.3033947670645203,2
Lisa Ryan,46,1416,35,18796.93,-1.0079636952071598,0.4781245565430214,0.5520716124223197,1
Liz Carlisle,5,1457,30,20127.52,0.8292856514539089,-0.45136648121366285,0.8083385068127256,1
Liz MacKendrick,8,1454,22,15529.85,0.6948527724299283,-1.9385521416243576,-0.07715635812082813,2
Liz Pelletier,41,1421,31,9463.32,-0.7839088968338587,-0.265468273662326,-1.2455484269220585,2
Liz Preis,1,1461,30,16609.5,1.0085294901525497,-0.45136648121366285,0.13078038612691278,2
Liz Thompson,35,1427,32,21221.76,-0.5150431387858975,-0.07957006611098916,1.0190852330903597,1
Liz Willingham,34,1428,25,8046.62,-0.4702321791112372,-1.3808575189703471,-1.5183998005855368,2
Logan Currie,14,1448,36,16082.67,0.425987014381967,0.6640227640943582,0.029314804714383375,1
Logan Haushalter,76,1386,37,17292.24,-2.352292485446966,0.8499209716456951,0.2622736781823965,3
Lori Olson,3,1459,35,13537.5,0.9189075708032294,0.4781245565430214,-0.46087587129823454,2
Luke Foster,23,1439,27,13421.27,0.02268837731002511,-1.0090611038676733,-0.4832613552827803,2
Luke Schmidt,16,1446,28,15599.4,0.3363650950326466,-0.8231628963163365,-0.06376127586043798,2
Luke Weiss,22,1440,29,12051.51,0.06749933698468531,-0.6372646887649998,-0.7470722521482327,2
Lycoris Saunders,5,1457,34,11741.52,0.8292856514539089,0.29222634899168454,-0.8067752219526667,2
Lynn Smith,35,1427,30,11712.14,-0.5150431387858975,-0.45136648121366285,-0.8124337053000468,2
Magdelene Morse,5,1457,31,21224.07,0.8292856514539089,-0.265468273662326,1.0195301308620566,1
Marc Crier,45,1417,39,15981.09,-0.9631527355324996,1.2217173867483688,0.009750858546008889,1
Marc Harrigan,38,1424,28,15404.02,-0.6494760178098781,-0.8231628963163365,-0.10139076790982757,2
Maria Bertelson,2,1460,35,21603.95,0.9637185304778896,0.4781245565430214,1.0926936657157889,1
Maria Etezadi,6,1456,40,26247.2,0.7844746917792487,1.4076155942997057,1.9869670762917377,1
Maria Zettner,22,1440,31,17958.17,0.06749933698468531,-0.265468273662326,0.39052942411570585,2
Maribeth Dona,27,1435,36,17829.55,-0.15655546138861573,0.6640227640943582,0.3657576702647873,1
Maribeth Schnelling,6,1456,39,21682.55,0.7844746917792487,1.2217173867483688,1.1078317457397524,1
Maribeth Yedwab,30,1432,32,16469.72,-0.29098834041259636,-0.07957006611098916,0.10385925602831694,2
Marina Lichtenstein,1,1461,32,15556.47,1.0085294901525497,-0.07957006611098916,-0.0720294409422289,2
Maris LaWare,34,1428,33,15174.85,-0.4702321791112372,0.10632814144034769,-0.14552809359801802,2
Mark Cousins,24,1438,35,16545.24,-0.0221225823646351,0.4781245565430214,0.1184041390233519,1
Mark Haberlin,9,1453,33,11302.82,0.6500418127552681,0.10632814144034769,-0.8912672792874364,2
Mark Hamilton,55,1407,37,14721.64,-1.4112623322791016,0.8499209716456951,-0.23281472524764418,3
Mark Packer,6,1456,30,12986.91,0.7844746917792487,-0.45136648121366285,-0.5669175440767866,2
Mark Van Huff,17,1445,32,11515.89,0.29155413535798635,-0.07957006611098916,-0.8502307562504652,2
Mary O'Rourke,37,1425,29,11125.28,-0.6046650581352179,-0.6372646887649998,-0.9254608508835498,2
Mary Zewe,24,1438,34,16577.13,-0.0221225823646351,0.29222634899168454,0.12454603943002103,1
MaryBeth Skach,16,1446,33,14791.89,0.3363650950326466,0.10632814144034769,-0.21928482548067912,2
Mathew Reese,98,1364,29,21571.96,-3.338133598289491,-0.6372646887649998,1.086532505665323,3
Matt Abelman,65,1397,28,12441.97,-1.8593719290257038,-0.8231628963163365,-0.6718710469808427,3
Matt Collins,10,1452,41,17900.86,0.6052308530806079,1.5935138018510424,0.3794917222559943,1
Matt Collister,52,1410,28,11672.88,-1.276829453255121,-0.8231628963163365,-0.8199950414545102,3
Matt Connell,50,1412,28,13227.61,-1.1872075339058006,-0.8231628963163365,-0.520559581458872,3
Matt Hagelstein,24,1438,27,12217.99,-0.0221225823646351,-1.0090611038676733,-0.7150087971560003,2
Matthew Clasen,6,1456,38,21808.79,0.7844746917792487,1.035819179197032,1.1321451200683172,1
Matthew Grinstein,20,1442,22,13018.99,0.15712125633400575,-1.9385521416243576,-0.5607390503469042,2
Maureen Fritzler,49,1413,32,13528.45,-1.1423965742311404,-0.07957006611098916,-0.4626188690618078,3
Maureen Gastineau,37,1425,37,20360.14,-0.6046650581352179,0.8499209716456951,0.8531402902118913,1
Maureen Gnade,1,1461,32,18326.2,1.0085294901525497,-0.07957006611098916,0.461410691179566,1
Maurice Satty,30,1432,34,10030.09,-0.29098834041259636,0.29222634899168454,-1.1363905437772501,2
Max Engle,12,1450,39,9923.77,0.5156089337312875,1.2217173867483688,-1.1568673970615735,2
Max Jones,22,1440,30,16484.55,0.06749933698468531,-0.45136648121366285,0.10671546120332144,2
Max Ludwig,2,1460,35,15533.61,0.9637185304778896,0.4781245565430214,-0.07643219551408377,1
Maxwell Schwartz,35,1427,42,17921.5,-0.5150431387858975,1.7794120094023793,0.38346691273556943,1
Maya Herman,1,1461,35,13590.97,1.0085294901525497,0.4781245565430214,-0.45057773976030413,2
Meg O'Connel,7,1455,34,18003.38,0.7396637321045885,0.29222634899168454,0.399236709076055,1
Meg Tillman,50,1412,33,15346.11,-1.1872075339058006,0.10632814144034769,-0.11254402763231787,3
Melanie Seite,5,1457,34,16106.3,0.8292856514539089,0.29222634899168454,0.03386585854347054,1
Michael Chen,2,1460,35,15939.59,0.9637185304778896,0.4781245565430214,0.0017581063705064102,1
Michael Dominguez,37,1425,33,22429.17,-0.6046650581352179,0.10632814144034769,1.2516280982523704,1
Michael Grace,6,1456,34,14533.01,0.7844746917792487,0.29222634899168454,-0.26914419134077733,2
Michael Granlund,6,1456,30,13181.36,0.7844746917792487,-0.45136648121366285,-0.5294671667147032,2
Michael Kennedy,22,1440,42,14447.38,0.06749933698468531,1.7794120094023793,-0.28563622432362756,1
Michael Moore,8,1454,39,21733.68,0.6948527724299283,1.2217173867483688,1.1176792016128476,1
Michael Nguyen,9,1453,27,15046.25,0.6500418127552681,-1.0090611038676733,-0.17029599552017757,2
Michael Oakman,7,1455,17,5460.58,0.7396637321045885,-2.868043179381042,-2.01646189301774,2
Michael Paige,28,1434,47,17795.61,-0.20136642106327596,2.7089030471590636,0.3592209471602923,1
Michael Stewart,7,1455,32,17865.2,0.7396637321045885,-0.07957006611098916,0.37262373327820114,1
Michelle Arnett,17,1445,33,11934.46,0.29155413535798635,0.10632814144034769,-0.7696156652119093,2
Michelle Ellison,43,1419,28,10708.13,-0.8735308161831791,-0.8231628963163365,-1.0058024549801972,2
Michelle Huthwaite,15,1447,28,12849.11,0.3811760547073068,-0.8231628963163365,-0.5934573332282139,2
Michelle Lonsdale,8,1454,26,10368.5,0.6948527724299283,-1.1949593114190102,-1.0712139832058816,2
Michelle Moray,16,1446,33,13088.47,0.3363650950326466,0.10632814144034769,-0.5473574498371715,2
Michelle Tran,128,1334,31,17772.28,-4.682462388529297,-0.265468273662326,0.3547276722625938,3
Mick Brown,12,1450,38,16447.74,0.5156089337312875,1.035819179197032,0.09962598632187017,1
Mick Crebagga,42,1420,36,12013.1,-0.8287198565085189,0.6640227640943582,-0.7544698813304267,3
Mick Hernandez,6,1456,33,13277.8,0.7844746917792487,0.10632814144034769,-0.5108931662374634,2
Mike Caudle,52,1410,28,9359.03,-1.276829453255121,-0.8231628963163365,-1.2656343094373148,3
Mike Gockenbach,3,1459,27,23377.06,0.9189075708032294,-1.0090611038676733,1.4341883358339866,1
Mike Kennedy,23,1439,30,12740.4,0.02268837731002511,-0.45136648121366285,-0.6143944919992713,2
Mike Pelletier,17,1445,42,24214.44,0.29155413535798635,1.7794120094023793,1.5954647410562093,1
Mike Vittorini,8,1454,38,19572.08,0.6948527724299283,1.035819179197032,0.7013627413100488,1
Mitch Gastineau,2,1460,36,18011.84,0.9637185304778896,0.6640227640943582,0.40086607494122956,1
Mitch Webber,18,1444,36,23068.59,0.24674317568332615,0.6640227640943582,1.3747781126152574,1
Mitch Willingham,1,1461,30,19003.83,1.0085294901525497,-0.45136648121366285,0.5919198154370541,2
Monica Federle,8,1454,38,21942.85,0.6948527724299283,1.035819179197032,1.1579645985417593,1
Muhammed Lee,9,1453,35,15844.71,0.6500418127552681,0.4781245565430214,-0.016515443663510054,1
Muhammed MacIntyre,13,1449,35,10721.0,0.4707979740566272,0.4781245565430214,-1.0033237388236016,2
Muhammed Yedwab,1,1461,39,29642.65,1.0085294901525497,1.2217173867483688,2.6409186515763134,1
Nancy Lomonaco,26,1436,27,10838.65,-0.11174450171395553,-1.0090611038676733,-0.980664767897147,2
Naresj Patel,2,1460,33,13115.16,0.9637185304778896,0.10632814144034769,-0.5422170509079145,2
Nat Carroll,6,1456,31,16613.32,0.7844746917792487,-0.265468273662326,0.13151610451993487,2
Nat Gilpin,49,1413,28,12009.17,-1.1423965742311404,-0.8231628963163365,-0.7552267853316249,3
Natalie DeCherney,13,1449,29,13703.36,0.4707979740566272,-0.6372646887649998,-0.42893182609753944,2
Natalie Fritzler,2,1460,43,31781.29,0.9637185304778896,1.9653102169537162,3.052813097663461,1
Natalie Webber,118,1344,33,22373.55,-4.234352791782695,0.10632814144034769,1.2409158843728176,3
Nathan Cano,40,1422,24,10759.21,-0.7390979371591985,-1.566755726521684,-0.9959646289290005,2
Nathan Gelder,19,1443,36,22720.25,0.20193221600866595,0.6640227640943582,1.3076890694149073,1
Nathan Mautz,31,1431,41,24276.93,-0.33579930008725656,1.5935138018510424,1.6075000924645746,1
Neil Ducich,6,1456,32,14784.42,0.7844746917792487,-0.07957006611098916,-0.22072352087226946,2
Neil Französisch,7,1455,29,12649.92,0.7396637321045885,-0.6372646887649998,-0.6318206177062463,2
Neil Knudson,27,1435,28,13878.53,-0.15655546138861573,-0.8231628963163365,-0.39519470805940043,2
Neola Schneider,7,1455,30,15797.18,0.7396637321045885,-0.45136648121366285,-0.025669552359934716,2
Neoma Murray,20,1442,28,13869.14,0.15712125633400575,-0.8231628963163365,-0.39700318861188183,2
Nick Crebassa,7,1455,29,12305.25,0.7396637321045885,-0.6372646887649998,-0.6982028319792689,2
Nick Radford,3,1459,34,12891.9,0.9189075708032294,0.29222634899168454,-0.5852161316477382,2
Nick Zandusky,86,1376,30,20270.3,-2.800402082193568,-0.45136648121366285,0.8358374262252132,3
Nicole Fjeld,12,1450,27,12267.24,0.5156089337312875,-1.0090611038676733,-0.7055234225862774,2
Nicole Hansen,6,1456,28,21303.47,0.7844746917792487,-0.8231628963163365,1.0348222880363918,1
Noah Childs,21,1441,31,17343.84,0.11231029665934553,-0.265468273662326,0.27221165438133427,2
Noel Staavos,37,1425,45,16637.53,-0.6046650581352179,2.33710663205639,0.1361788642830411,1
Nona Balk,20,1442,27,10081.85,0.15712125633400575,-1.0090611038676733,-1.1264217521482378,2
Nora Paige,59,1403,25,15710.88,-1.5905061709777424,-1.3808575189703471,-0.0422906249562208,3
Nora Pelletier,15,1447,34,16358.3,0.3811760547073068,0.29222634899168454,0.08240016091037715,1
Nora Preis,29,1433,33,15917.05,-0.24617738073793616,0.10632814144034769,-0.002583017341200405,2
Odella Nelson,48,1414,38,19271.69,-1.0975856145564802,1.035819179197032,0.6435086973100678,1
Olvera Toch,34,1428,36,19758.81,-0.4702321791112372,0.6640227640943582,0.7373262741710506,1
Pamela Coakley,3,1459,26,11940.05,0.9189075708032294,-1.1949593114190102,-0.7685390511236909,2
Pamela Stobb,30,1432,33,17632.72,-0.29098834041259636,0.10632814144034769,0.32784891338035027,1
Parhena Norris,16,1446,38,12892.6,0.3363650950326466,1.035819179197032,-0.5850813141411634,1
Patricia Hirasaki,58,1404,27,11182.4,-1.5456952113030822,-1.0090611038676733,-0.9144597423470512,3
Patrick Bzostek,9,1453,28,14863.05,0.6500418127552681,-0.8231628963163365,-0.20557966295516697,2
Patrick Gardner,21,1441,41,16482.49,0.11231029665934553,1.5935138018510424,0.10631871254111622,1
Patrick Jones,40,1422,25,14440.93,-0.7390979371591985,-1.3808575189703471,-0.28687847134849465,2
Patrick O'Brill,5,1457,45,26707.48,0.8292856514539089,2.33710663205639,2.0756153647577684,1
Patrick O'Donnell,1,1461,41,24024.2,1.0085294901525497,1.5935138018510424,1.5588251946979546,1
Patrick Ryan,26,1436,34,14329.23,-0.11174450171395553,0.29222634899168454,-0.3083914934690641,2
Paul Gonzalez,3,1459,34,15922.95,0.9189075708032294,0.29222634899168454,-0.0014466983572130256,1
Paul Knutson,99,1363,20,8231.01,-3.382944557964151,-2.3103485567270314,-1.4828869433893705,3
Paul Lucas,16,1446,23,15015.94,0.3363650950326466,-1.7526539340730207,-0.17613359355486374,2
Paul MacIntyre,22,1440,32,14342.47,0.06749933698468531,-0.07957006611098916,-0.3058415166304219,2
Paul Prost,15,1447,33,22243.25,0.3811760547073068,0.10632814144034769,1.2158205685061196,1
Paul Stevenson,28,1434,37,19618.35,-0.20136642106327596,0.8499209716456951,0.7102741784946386,1
Paul Van Hugh,9,1453,34,18931.29,0.6500418127552681,0.29222634899168454,0.5779488698271514,1
Pauline Chand,22,1440,22,10634.48,0.06749933698468531,-1.9385521416243576,-1.0199871826362394,2
Pauline Johnson,20,1442,30,15843.52,0.15712125633400575,-0.45136648121366285,-0.01674463342468686,2
Pauline Webber,8,1454,38,13891.05,0.6948527724299283,1.035819179197032,-0.39278340065609246,1
Penelope Sewall,21,1441,33,30081.69,0.11231029665934553,0.10632814144034769,2.7254761916999906,1
Pete Armstrong,24,1438,27,10393.81,-0.0221225823646351,-1.0090611038676733,-1.066339367361015,2
Pete Kriz,9,1453,32,18661.73,0.6500418127552681,-0.07957006611098916,0.5260325740095982,1
Pete Takahito,3,1459,30,13056.81,0.9189075708032294,-0.45136648121366285,-0.553455053063109,2
Peter Bühler,1,1461,20,9896.0,1.0085294901525497,-2.3103485567270314,-1.1622158001438314,2
Peter Fuller,84,1378,38,29876.0,-2.7107801628442476,1.035819179197032,2.685861030375193,3
Peter McVee,13,1449,28,11286.96,0.4707979740566272,-0.8231628963163365,-0.8943218587935443,2
Philip Brown,6,1456,43,11385.7,0.7844746917792487,1.9653102169537162,-0.875304886508987,1
Philip Fox,35,1427,43,18026.47,-0.5150431387858975,1.9653102169537162,0.4036837608286418,1
Philisse Overcash,30,1432,33,17984.23,-0.29098834041259636,0.10632814144034769,0.39554848728904574,1
Phillina Ober,34,1428,29,19099.36,-0.4702321791112372,-0.6372646887649998,0.6103185531557467,2
Phillip Breyer,9,1453,34,24269.86,0.6500418127552681,0.29222634899168454,1.6061384356481698,1
Phillip Flathmann,3,1459,37,13389.48,0.9189075708032294,0.8499209716456951,-0.48938399604565336,1
Pierre Wener,2,1460,31,8423.67,0.9637185304778896,-0.265468273662326,-1.4457813136512427,2
Quincy Jones,26,1436,28,18579.98,-0.11174450171395553,-0.8231628963163365,0.5102878152060482,2
Rachel Payne,8,1454,32,14999.94,0.6948527724299283,-0.07957006611098916,-0.17921513656228638,2
Ralph Arnett,6,1456,38,23043.09,0.7844746917792487,1.035819179197032,1.3698669034471775,1
Ralph Kennedy,29,1433,30,14000.04,-0.24617738073793616,-0.45136648121366285,-0.37179231488240505,2
Ralph Ritter,20,1442,25,13585.86,0.15712125633400575,-1.3808575189703471,-0.4515619075582995,2
Randy Bradley,16,1446,40,22898.02,0.3363650950326466,1.4076155942997057,1.3419269381917525,1
Randy Ferguson,7,1455,32,16599.29,0.7396637321045885,-0.07957006611098916,0.12881397649530138,2
Raymond Buch,21,1441,29,29602.15,0.11231029665934553,-0.6372646887649998,2.633118495838775,1
Raymond Messe,10,1452,32,18317.12,0.6052308530806079,-0.07957006611098916,0.45966191552285335,1
Resi Pölking,16,1446,41,22050.87,0.3363650950326466,1.5935138018510424,1.1787688657706215,1
Ricardo Emerson,29,1433,27,14040.51,-0.24617738073793616,-1.0090611038676733,-0.36399793703800554,2
Ricardo Sperren,34,1428,35,14432.6,-0.4702321791112372,0.4781245565430214,-0.288482799676734,2
Richard Bierner,20,1442,34,14797.2,0.15712125633400575,0.29222634899168454,-0.21826213839509048,2
Richard Eichhorn,16,1446,30,16339.21,0.3363650950326466,-0.45136648121366285,0.07872349490964599,2
Rick Bensley,1,1461,39,20853.66,1.0085294901525497,1.2217173867483688,0.9481904842758428,1
Rick Duston,1,1461,33,17548.92,1.0085294901525497,0.10632814144034769,0.3117093318789736,1
Rick Hansen,25,1437,31,16352.98,-0.06693354203929532,-0.265468273662326,0.08137554786040918,2
Rick Huthwaite,21,1441,32,13437.17,0.11231029665934553,-0.07957006611098916,-0.4801990719191541,2
Rick Reed,1,1461,34,16386.2,1.0085294901525497,0.29222634899168454,0.08777360152957066,1
Rick Wilson,27,1435,32,25122.12,-0.15655546138861573,-0.07957006611098916,1.7702806758672958,1
Ritsa Hightower,8,1454,29,17697.78,0.6948527724299283,-0.6372646887649998,0.34037923763428213,2
Rob Beeghly,21,1441,30,11548.38,0.11231029665934553,-0.45136648121366285,-0.8439732979810176,2
Rob Dowd,26,1436,38,21483.51,-0.11174450171395553,1.035819179197032,1.0694973507274146,1
Rob Haberlin,7,1455,29,7970.16,0.7396637321045885,-0.6372646887649998,-1.5331257242322578,2
Rob Lucas,121,1341,31,17287.04,-4.368785670806676,-0.265468273662326,0.261272176704984,3
Rob Williams,78,1384,28,9985.93,-2.4419144047962864,-0.8231628963163365,-1.1448956024777366,3
Robert Dilbeck,28,1434,30,16339.75,-0.20136642106327596,-0.45136648121366285,0.07882749698614666,2
Robert Marley,5,1457,27,12867.07,0.8292856514539089,-1.0090611038676733,-0.5899983012023822,2
Robert Waldorf,16,1446,33,12599.12,0.3363650950326466,0.10632814144034769,-0.6416045167548131,2
Roger Barcio,17,1445,28,15306.17,0.29155413535798635,-0.8231628963163365,-0.12023632936459673,2
Roger Demir,22,1440,38,14736.24,0.06749933698468531,1.035819179197032,-0.23000281725337093,1
Roland Fjeld,2,1460,26,13089.21,0.9637185304778896,-1.1949593114190102,-0.5472149284730782,2
Roland Murray,17,1445,26,7404.18,0.29155413535798635,-1.1949593114190102,-1.6421314561910745,2
Roland Schwarz,37,1425,31,15106.27,-0.6046650581352179,-0.265468273662326,-0.1587363573135833,2
Rose O'Brian,5,1457,38,21913.54,0.8292856514539089,1.035819179197032,1.1523195969450375,1
Ross Baird,31,1431,40,19312.18,-0.33579930008725656,1.4076155942997057,0.651306927083227,1
Ross DeVincentis,15,1447,37,10305.89,0.3811760547073068,0.8499209716456951,-1.0832724461868024,2
Roy Collins,119,1343,26,7954.11,-4.2791637514573555,-1.1949593114190102,-1.5362168970615788,3
Roy Französisch,7,1455,37,15649.18,0.7396637321045885,0.8499209716456951,-0.054173825178594155,1
Roy Phan,22,1440,33,14612.19,0.06749933698468531,0.10632814144034769,-0.25389440538279445,2
Roy Skaria,20,1442,28,8122.41,0.15712125633400575,-0.8231628963163365,-1.5038029165522517,2
Ruben Ausman,44,1418,31,15938.77,-0.9183417758578393,-0.265468273662326,0.0016001772913760558,3
Ruben Dartt,33,1429,39,18322.98,-0.425421219436577,1.2217173867483688,0.460790530649322,1
Russell Applegate,13,1449,29,21395.85,0.4707979740566272,-0.6372646887649998,1.0526143469754978,1
Russell D'Ascenzo,29,1433,33,15817.0,-0.24617738073793616,0.10632814144034769,-0.021852290959489973,2
Ryan Akin,2,1460,32,13740.63,0.9637185304778896,-0.07957006611098916,-0.42175375685462463,2
Ryan Crowe,23,1439,27,9537.83,0.02268837731002511,-1.0090611038676733,-1.2311980663293671,2
Sally Hughsby,26,1436,37,18951.65,-0.11174450171395553,0.8499209716456951,0.5818701333040969,1
Sally Knutson,9,1453,26,13291.84,0.6500418127552681,-1.1949593114190102,-0.5081891122484499,2
Sally Matthias,105,1357,30,13063.96,-3.6518103160121123,-0.45136648121366285,-0.5520779885316671,3
Sam Craven,9,1453,38,11055.8,0.6500418127552681,1.035819179197032,-0.9388424513932829,2
Sam Zeldin,14,1448,41,16356.56,0.425987014381967,1.5935138018510424,0.08206504310831998,1
Sample Company A,41,1421,37,19125.07,-0.7839088968338587,0.8499209716456951,0.6152702075757988,1
Sandra Flanagan,59,1403,29,11257.16,-1.5905061709777424,-0.6372646887649998,-0.9000612326448688,3
Sandra Glassco,4,1458,23,11853.24,0.8740966111285691,-1.7526539340730207,-0.7852583479033383,2
Sanjit Chand,76,1386,35,26521.12,-2.352292485446966,0.4781245565430214,2.039723092578813,3
Sanjit Engle,10,1452,39,30146.33,0.6052308530806079,1.2217173867483688,2.7379256254499786,1
Sanjit Jacobs,33,1429,39,13523.26,-0.425421219436577,1.2217173867483688,-0.46361844457484064,1
Saphhira Shifley,16,1446,39,23630.22,0.3363650950326466,1.2217173867483688,1.4829460500689313,1
Sara Luxemburg,30,1432,46,16832.47,-0.29098834041259636,2.5230048396077267,0.17372361389972715,1
Sarah Bern,3,1459,20,14598.18,0.9189075708032294,-2.3103485567270314,-0.256592681478669,2
Sarah Brown,75,1387,38,22302.9,-2.307481525772306,1.035819179197032,1.2273089460306674,3
Sarah Foster,6,1456,36,15652.94,0.7844746917792487,0.6640227640943582,-0.05344966257184979,1
Sarah Jordon,29,1433,41,16068.95,-0.24617738073793616,1.5935138018510424,0.026672381585518583,1
Scot Coram,17,1445,28,22127.78,0.29155413535798635,-0.8231628963163365,1.1935814578144261,1
Scot Wooten,13,1449,30,15478.59,0.4707979740566272,-0.45136648121366285,-0.08702885153085847,2
Scott Cohen,1,1461,33,12532.7,1.0085294901525497,0.10632814144034769,-0.6543967721643763,2
Scott Williamson,22,1440,38,17045.55,0.06749933698468531,1.035819179197032,0.21476206290107783,1
Sean Braxton,42,1420,27,20513.94,-0.8287198565085189,-1.0090611038676733,0.8827616223707413,3
Sean Christensen,17,1445,33,20903.9,0.29155413535798635,0.10632814144034769,0.9578665293191502,1
Sean Miller,22,1440,28,35170.97,0.06749933698468531,-0.8231628963163365,3.705653391500985,1
Sean O'Donnell,30,1432,31,16366.45,-0.29098834041259636,-0.265468273662326,0.08396982187978334,2
Sean Wendt,13,1449,30,8167.71,0.4707979740566272,-0.45136648121366285,-1.4950782979124864,2
Seth Vernon,88,1374,36,23632.92,-2.8900240015428884,0.6640227640943582,1.4834660604514334,3
Shahid Collister,31,1431,41,17678.87,-0.33579930008725656,1.5935138018510424,0.3367372389923845,1
Shahid Hopkins,24,1438,37,12978.2,-0.0221225823646351,0.8499209716456951,-0.5685950590514521,1
Shahid Shariari,27,1435,37,18107.96,-0.15655546138861573,0.8499209716456951,0.4193784445583209,1
Sharelle Roach,9,1453,24,13002.45,0.6500418127552681,-1.566755726521684,-0.5639245954308272,2
Shaun Chance,10,1452,29,9606.51,0.6052308530806079,-0.6372646887649998,-1.2179705429700052,2
Shaun Weien,8,1454,31,8243.25,0.6948527724299283,-0.265468273662326,-1.4805295629886923,2
Sheri Gordon,91,1371,31,13816.95,-3.024456880566869,-0.265468273662326,-0.4070547967092183,3
Shirley Daniels,16,1446,40,17959.42,0.3363650950326466,1.4076155942997057,0.39077016966316075,1
Shirley Schmidt,1,1461,22,7905.17,1.0085294901525497,-1.9385521416243576,-1.5456425667355327,2
Shui Tom,7,1455,38,15007.28,0.7396637321045885,1.035819179197032,-0.17780147870763122,1
Sibella Parks,17,1445,24,7219.51,0.29155413535798635,-1.566755726521684,-1.6776982403898708,2
Skye Norling,14,1448,31,14218.82,0.425987014381967,-0.265468273662326,-0.3296560661846599,2
Sonia Cooley,28,1434,35,10013.45,-0.20136642106327596,0.4781245565430214,-1.1395953485049695,2
Sonia Sunley,6,1456,29,13121.8,0.7844746917792487,-0.6372646887649998,-0.5409382105598342,2
Speros Goranitis,76,1386,38,12944.59,-2.352292485446966,1.035819179197032,-0.5750682253314194,3
Stefania Perrino,6,1456,36,19413.23,0.7844746917792487,0.6640227640943582,0.6707687971394805,1
Stefanie Holloman,31,1431,29,14205.72,-0.33579930008725656,-0.6372646887649998,-0.3321790795219873,2
Stephanie Phelps,21,1441,30,11148.76,0.11231029665934553,-0.45136648121366285,-0.9209386865201571,2
Stephanie Ulpright,5,1457,29,10773.6,0.8292856514539089,-0.6372646887649998,-0.9931931661866995,2
Steve Carroll,22,1440,35,19821.84,0.06749933698468531,0.4781245565430214,0.749465627655916,1
Steve Chapman,10,1452,39,23399.95,0.6052308530806079,1.2217173867483688,1.4385968682989805,1
Steve Nguyen,45,1417,28,13406.19,-0.9631527355324996,-0.8231628963163365,-0.4861657095672761,3
Steven Cartwright,8,1454,37,16919.89,0.6948527724299283,0.8499209716456951,0.19056039450653228,1
Steven Roelle,22,1440,37,19374.31,0.06749933698468531,0.8499209716456951,0.6632729437739252,1
Steven Ward,16,1446,38,25668.5,0.3363650950326466,1.035819179197032,1.87551151764202,1
Stewart Carmichael,41,1421,39,16528.37,-0.7839088968338587,1.2217173867483688,0.11515503711490015,1
Stewart Visinsky,22,1440,34,17232.34,0.06749933698468531,0.29222634899168454,0.2507371515483577,1
Stuart Calhoun,31,1431,26,11410.57,-0.33579930008725656,-1.1949593114190102,-0.8705150130968247,2
Stuart Van,9,1453,33,22304.44,0.6500418127552681,0.10632814144034769,1.2276055445451315,1
Sue Ann Reed,11,1451,40,16495.07,0.5604198934059477,1.4076155942997057,0.10874157573070191,1
Sung Chung,9,1453,28,11266.75,0.6500418127552681,-0.8231628963163365,-0.8982142328047948,2
Sung Pak,55,1407,28,13498.07,-1.4112623322791016,-0.8231628963163365,-0.46846994884715176,3
Sung Shariari,15,1447,25,5328.45,0.3811760547073068,-1.3808575189703471,-2.041909660365912,2
Susan Gilcrest,17,1445,28,12685.09,0.29155413535798635,-0.8231628963163365,-0.6250470009830554,2
Susan MacKendrick,38,1424,22,8630.47,-0.6494760178098781,-1.9385521416243576,-1.4059523702803052,2
Susan Pistek,7,1455,32,29020.58,0.7396637321045885,-0.07957006611098916,2.521110185412101,1
Susan Vittorini,1,1461,31,15685.44,1.0085294901525497,-0.265468273662326,-0.04719027833802255,2
Suzanne McNair,26,1436,38,12889.09,-0.11174450171395553,1.035819179197032,-0.5857573276384167,1
Sylvia Foulston,49,1413,23,9253.97,-1.1423965742311404,-1.7526539340730207,-1.2858684912098042,3
Tamara Chand,28,1434,36,37457.33,-0.20136642106327596,0.6640227640943582,4.145998183404162,1
Tamara Dahlen,1,1461,28,7704.59,1.0085294901525497,-0.8231628963163365,-1.5842735602623348,2
Tamara Manning,65,1397,30,14459.63,-1.8593719290257038,-0.45136648121366285,-0.28327691795856963,3
Tamara Willingham,20,1442,35,14255.01,0.15712125633400575,0.4781245565430214,-0.32268600109474577,2
Tanja Norvell,23,1439,31,9597.62,0.02268837731002511,-0.265468273662326,-1.2196827253035043,2
Ted Butterfield,36,1426,32,16026.86,-0.5598540984605577,-0.07957006611098916,0.018565997511617367,2
Ted Trevino,15,1447,33,17245.38,0.3811760547073068,0.10632814144034769,0.25324860909940733,1
Thais Sissman,42,1420,27,6785.91,-0.8287198565085189,-1.0090611038676733,-1.7612080558910244,2
Thea Hendricks,7,1455,31,15541.06,0.7396637321045885,-0.265468273662326,-0.07499735205125281,2
Thea Hudgings,44,1418,31,15353.79,-0.9183417758578393,-0.265468273662326,-0.11106488698875494,3
Theone Pippenger,3,1459,43,23959.05,0.9189075708032294,1.9653102169537162,1.546277536764605,1
Theresa Coyne,12,1450,35,22219.89,0.5156089337312875,0.4781245565430214,1.2113215157152826,1
Theresa Swint,9,1453,27,7936.02,0.6500418127552681,-1.0090611038676733,-1.5397009666243457,2
Thomas Boland,40,1422,31,17423.92,-0.7390979371591985,-0.265468273662326,0.28763477713348423,3
Thomas Brumley,50,1412,21,11801.86,-1.1872075339058006,-2.1244503491756945,-0.795153952885924,3
Thomas Seio,27,1435,35,14530.32,-0.15655546138861573,0.4781245565430214,-0.26966227575890034,2
Thomas Thornton,6,1456,31,15050.98,0.7844746917792487,-0.265468273662326,-0.16938501436860834,2
Tiffany House,9,1453,36,16797.62,0.6500418127552681,0.6640227640943582,0.1670116280366843,1
Tim Brockman,2,1460,43,19100.9,0.9637185304778896,1.9653102169537162,0.6106151516702112,1
Tim Taslimi,2,1460,29,9779.67,0.9637185304778896,-0.6372646887649998,-1.1846205437721737,2
Toby Braunhardt,58,1404,35,11701.36,-1.5456952113030822,0.4781245565430214,-0.8145098949012975,3
Toby Carlisle,13,1449,34,20122.82,0.4707979740566272,0.29222634899168454,0.8074333035542951,1
Toby Gnade,15,1447,35,13019.66,0.3811760547073068,0.4781245565430214,-0.5606100107334684,2
Toby Ritter,2,1460,26,12428.91,0.9637185304778896,-1.1949593114190102,-0.6743863564606513,2
Toby Swindell,9,1453,36,18628.36,0.6500418127552681,0.6640227640943582,0.5196056308747427,1
Todd Boyes,15,1447,28,9643.26,0.3811760547073068,-0.8231628963163365,-1.2108926238748314,2
Todd Sumrall,19,1443,37,27775.27,0.20193221600866595,0.8499209716456951,2.2812679152512576,1
Tom Ashbrook,9,1453,30,40488.08,0.6500418127552681,-0.45136648121366285,4.729709837763298,1
Tom Boeckenhauer,26,1436,35,24479.32,-0.11174450171395553,0.4781245565430214,1.6464796855440913,1
Tom Prescott,49,1413,26,12877.66,-1.1423965742311404,-1.1949593114190102,-0.5879587049243443,3
Tom Stivers,20,1442,29,15345.0,0.15712125633400575,-0.6372646887649998,-0.11275780967845792,2
Tom Zandusky,9,1453,35,15346.81,0.6500418127552681,0.4781245565430214,-0.11240921012574333,1
Tonja Turnell,13,1449,40,20081.77,0.4707979740566272,1.4076155942997057,0.7995272197758765,1
Tony Chapman,2,1460,38,12630.3,0.9637185304778896,1.035819179197032,-0.6355993598190985,1
Tony Molinari,41,1421,35,15971.88,-0.7839088968338587,0.4781245565430214,0.007977045352361049,1
Tony Sayre,12,1450,31,19737.35,0.5156089337312875,-0.265468273662326,0.7331931546123445,1
Tracy Blumstein,19,1443,45,20708.29,0.20193221600866595,2.33710663205639,0.9201927400890286,1
Tracy Collins,1,1461,34,11103.02,1.0085294901525497,0.29222634899168454,-0.9297480475926265,2
Tracy Hopkins,6,1456,31,13092.73,0.7844746917792487,-0.265468273662326,-0.5465369890114452,2
Tracy Poddar,15,1447,35,13287.13,0.3811760547073068,0.4781245565430214,-0.5090962414712601,2
Tracy Zic,36,1426,24,10858.52,-0.5598540984605577,-1.566755726521684,-0.9768378766748038,2
Troy Blackwell,29,1433,30,9190.07,-0.24617738073793616,-0.45136648121366285,-1.2981754035956983,2
Troy Staebel,21,1441,35,22577.06,0.11231029665934553,0.4781245565430214,1.2801111854628544,1
Trudy Brown,31,1431,36,15076.97,-0.33579930008725656,0.6640227640943582,-0.16437943294592622,1
Trudy Glocke,6,1456,42,18880.31,0.7844746917792487,1.7794120094023793,0.5681303034197511,1
Trudy Schmidt,85,1377,30,9978.34,-2.755591122518908,-0.45136648121366285,-1.1463574094418827,3
Valerie Dominguez,1,1461,30,15984.95,1.0085294901525497,-0.45136648121366285,0.010494280796549713,2
Valerie Mitchum,14,1448,38,14567.09,0.425987014381967,1.035819179197032,-0.26258050473496714,1
Valerie Takahito,8,1454,32,19370.76,0.6948527724299283,-0.07957006611098916,0.6625892264191527,1
Vicky Freymann,14,1448,28,12602.49,0.425987014381967,-0.8231628963163365,-0.6409554667588748,2
Victor Preis,29,1433,33,12061.27,-0.24617738073793616,0.10632814144034769,-0.7451925109137049,2
Victoria Brennan,5,1457,25,10744.68,0.8292856514539089,-1.3808575189703471,-0.998763055172616,2
Victoria Pisteka,76,1386,31,18551.26,-2.352292485446966,-0.265468273662326,0.5047564455077244,3
Victoria Wilson,7,1455,35,17038.54,0.7396637321045885,0.4781245565430214,0.2134119618709511,1
Vivek Gonzalez,111,1351,31,10294.78,-3.9206760740600735,-0.265468273662326,-1.0854121926125813,3
Vivek Grady,3,1459,27,23763.6,0.9189075708032294,-1.0090611038676733,1.508634562964558,1
Vivek Sundaresam,23,1439,22,11412.0,0.02268837731002511,-1.9385521416243576,-0.8702396001905361,2
Vivian Mathis,9,1453,23,3892.23,0.6500418127552681,-1.7526539340730207,-2.3185205164984466,2
William Brown,21,1441,40,16887.18,0.11231029665934553,1.4076155942997057,0.1842605650207328,1
Xylona Preis,44,1418,30,12198.94,-0.9183417758578393,-0.45136648121366285,-0.7186777592992127,3
Yana Sorensen,5,1457,32,20032.43,0.8292856514539089,-0.07957006611098916,0.7900245115267369,1
Yoseph Carroll,5,1457,31,20164.37,0.8292856514539089,-0.265468273662326,0.8154356855516955,1
Zuschuss Carroll,4,1458,38,28479.98,0.8740966111285691,1.035819179197032,2.416992551048808,1
Zuschuss Donatelli,2,1460,29,12430.57,0.9637185304778896,-0.6372646887649998,-0.6740666463736312,2
